,data_type,description,example_values
subreddit_x,object,Enter description here,"['relationships', 'survivorsofabuse', 'anxiety', 'relationships', 'ptsd']"
post_id_x,object,Enter description here,"['7r2t3d', '7sw2hm', '7ocfua', '9nr40z', '7p5sr2']"
sentence_range_x,object,Enter description here,"['(0, 5)', '(6, 11)', '[5, 10]', '(5, 10)', '(55, 60)']"
text,object,Enter description here,"['That freaked me out. I was tired after probably from a sugar crash and I immediately assumed I was going through a calcium OD and was going to end up in a coma. Then I went home and opened a Snapchat and got deja vu (I thought I read that Snapchat before). I experience deja vu like that frequently, and googled it and it said I could have a brain condition or epilepsy... If I’m going to have to live like this forever sometimes I wish I wouldn’t wake up.', ""She never really felt the need to do that and occasionally would go out with her friends. Everything was great -- I took care of her extremely well, she took care of me patiently and amazingly. I bought her a car, paid for her rent, and ultimately supported her so she could focus and finish her college (I'm full time employed, the breadwinner in the relationship). Our relationship was VIVID and full of color in the beginning. We had our own apartment, got a beautiful dog together, and traveled to a few places."", 'i realized i was already 20k in student loan debt and i was not going to waste all that debt on a school that is considered ""lame"". some of the best friends i have ever had were at the school, but i traded them for a lifestyle of drugs, sex and redundancy. This new school was considered a party school, one of the best in the country. Due to my good academic standing at my last university i was able to transfer here. but upon first getting their i had already become homesick and depressed.', 'There was not a single thing in my life i got addicted to , i was smoking when i was in teens one day i just woke up and said im done didnt light a cig since that day. I decided not to drink anymore ( like weekly or so i drink on occasions ) had no problems with that too... I am normal person i am not looking for something to get high and ease my worries and i wont dwell in that. I am just trying to give less efforts sometimes i just need a break. Is xanax really that bad?', 'This battle has been in the making for years. It is now that the tension, the desperation for a resolution comes to a head. It is in this moment that I declare that there will be violence between me and I until one of us lay upon the ground in defeat. I will no longer accept the status quo that exists. An existence that is questionable “mediocre” at best, for with all my highs come so many lows.']"
id_x,float64,Enter description here,"[11055.0, 8.0, 59.0, 440.0, 1732.0]"
label_x,float64,Enter description here,"[1.0, 1.0, 0.0, 0.0, 0.0]"
confidence_x,float64,Enter description here,"[1.0, 1.0, 0.6, 0.6, 1.0]"
social_timestamp_x,float64,Enter description here,"[1515892237.0, 1527061709.0, 1534260683.0, 1525930283.0, 1505158586.0]"
social_karma_x,float64,Enter description here,"[4.0, 28.0, 9.0, 12.0, 2.0]"
